{
  "name": "patient-connector",
  "config": {
    "connector.class": "io.debezium.connector.postgresql.PostgresConnector",
    "key.converter": "org.apache.kafka.connect.storage.StringConverter",
    "value.converter": "org.apache.kafka.connect.json.JsonConverter",
    "database.server.name": "bloom-server",
    "database.hostname": "172.17.0.1",
    "database.port": "5432",
    "database.user": "postgres",
    "database.password": "changeme",
    "database.dbname": "patient-database",
    "plugin.name": "pgoutput",
    "slot.name": "patientslot"
  }
}